test_loss,test_acc,test_dice,test_MIoU,epoch,step
0.11604507267475128,0.9861971735954285,0.9437004327774048,0.8888217806816101,0,0
