test_loss,test_acc,test_dice,test_MIoU,epoch,step
0.30511683225631714,0.9929887652397156,0.7768846750259399,0.635168731212616,0,0
