test_loss,test_acc,test_dice,test_MIoU,epoch,step
0.7169524431228638,0.9888715147972107,0.4833396077156067,0.3186867833137512,0,0
